{"web":{"client_id":"748888384082-8a6bo79ciu35hp39pljq39mn9mavib5d.apps.googleusercontent.com","project_id":"technical-skills-catalog","auth_uri":"https://accounts.google.com/o/oauth2/auth","token_uri":"https://accounts.google.com/o/oauth2/token","auth_provider_x509_cert_url":"https://www.googleapis.com/oauth2/v1/certs","client_secret":"CRNVK5NJE_NIRYJ1wulsigde","redirect_uris":["http://localhost:5000","http://localhost:5000/login","http://localhost:5000/gconnect","http://localhost:5000/"],"javascript_origins":["http://localhost:5000"]}}